name,price,link
Boston LED Bed Frame Leather Gas Lift Storage - Black Double,359.19,/collections/furniture/products/led-bed-frame-double-full-size-gas-lift-base-with-storage-black-leather
Set of 2 Bedside Table Nightstands 2 Drawers Storage Cabinet Bedroom Side Grey,119.55,/collections/furniture/products/2x-bedside-table-nightstands-2-drawers-storage-cabinet-bedroom-side-grey
Messina 30cm Thick Euro Top Pocket Spring Mattress - Queen,379.68,/collections/furniture/products/medium-firm-pocket-spring-mattress-queen
Lounge Sofa Bed 2-seater Floor Folding Suede Charcoal,164.70,/collections/furniture/products/lounge-sofa-bed-2-seater-floor-folding-suede-charcoal
Chest of Drawers Dresser Table Tallboy Storage Cabinet Furniture Bedroom,134.61,/collections/furniture/products/5-chest-of-drawers-dresser-table-tallboy-storage-cabinet-furniture-black
Elmira 30cm Thick Tight Top Pocket Spring Mattress - Double,299.08,/collections/furniture/products/double-mattress-bed-size-7-zone-pocket-spring-medium-firm-foam-30cm-1
Set of 2 Bar Stools Gas lift Swivel Armrests - Steel and Black,189.09,/collections/furniture/products/2x-bar-stools-gas-lift-swivel-chairs-kitchen-armrest-leather-chrome-black
Savannah Grey Bed Frame Fabric Gas Lift Storage - King,430.35,/collections/furniture/products/king-size-gas-lift-bed-frame-base-with-storage-mattress-grey-fabric
Factory Buys 32cm Euro Top Mattress - Queen,415.97,/collections/furniture/products/euro-top-mattress-queen
Bedside Table Lamp Side Tables Drawers Nightstand Unit Beige Wood,120.85,/collections/furniture/products/bedside-table-drawers-beige-wood
Mystique Trundle Wooden Bed Frame - White King Single,229.64,/collections/furniture/products/king-single-wooden-bed-frame-white-1
Dining Table 4 Seater Wooden Kitchen Tables Oak 120cm Cafe Restaurant,124.15,/collections/furniture/products/dining-table-4-seater-wooden-kitchen-set-oak-120cm-cafe-restaurant
Display Shelf Bookcase Storage Cabinet Bookshelf Bookcase Home Office White,104.83,/collections/furniture/products/display-shelf-bookcase-storage-cabinet-bookshelf-bookcase-home-office-white
Azalea LED Black Bed Frame Leather Gas Lift Storage - Queen,444.21,/collections/furniture/products/led-bed-frame-queen-size-gas-lift-base-storage-black-leather
Bedside Tables Drawers Side Table Nightstand Lamp Side Storage Cabinet,75.67,/collections/furniture/products/bedside-tables-drawers-side-table-nightstand-lamp-side-storage-cabinet
Zaria 34cm Thick Plush Euro Top Pocket Spring Mattress - Double,364.02,/collections/furniture/products/premier-series-euro-top-mattress-double
189cm RGB LED TV Stand Cabinet Entertainment Unit Gloss Furniture Drawers Tempered Glass Shelf White,264.28,/collections/furniture/products/artiss-189cm-rgb-led-tv-stand-cabinet-entertainment-unit-gloss-furniture-drawers-tempered-glass-shelf-white
Seville Trundle Wooden Bed Frame Pine Timber - White Double,194.75,/collections/furniture/products/double-full-size-wooden-bed-frame-sofie-pine-timber-mattress-base-bedroom
Bedside Tables Side Table 3 Drawers RGB LED High Gloss Nightstand White,159.95,/collections/furniture/products/artiss-bedside-tables-side-table-3-drawers-rgb-led-high-gloss-nightstand-white
Siena 21cm Thick Euro Top Spring Mattress- Double,284.29,/collections/furniture/products/double-size-mattress-euro-top-bed-bonnell-spring-foam-21cm
5 Chest of Drawers Tallboy Dresser Table Bedroom Storage Cabinet,274.14,/collections/furniture/products/5-chest-of-drawers-tallboy-dresser-table-bedroom-storage-cabinet
Apex 16cm Thick Premium Knitted Fabric Spring Mattress - Single,154.48,/collections/furniture/products/single-size-mattress-bed-medium-firm-foam-bonnell-spring-16cm
Factory Buys 32cm Euro Top Mattress - Double,374.74,/collections/furniture/products/euro-top-mattress-double
Set of 2 Bedside Tables Drawers Side Table Nightstand Lamp Chest Unit Cabinet,129.56,/collections/furniture/products/artiss-bedside-tables-drawers-side-table-nightstand-lamp-chest-unit-cabinet-x2
Daytona 22cm Thick Pocket Spring Mattress - Single,194.23,/collections/furniture/products/single-size-mattress-bed-medium-firm-foam-pocket-spring-22cm-grey
Zaire 24cm Thick Pillow Top Spring Mattress - King Single,219.00,/collections/furniture/products/pillow-top-mattress-king-single
Ava 34cm Thick Euro Top Cool Gel Pocket Spring 6.5 Medium Firm Mattress - King,414.05,/collections/furniture/products/king-size-mattress-7-zone-euro-top-pocket-spring-cool-gel-memory-foam-34cm
Coffee Table Wooden Shelf Storage Drawer Living Furniture Thick Tabletop,139.81,/collections/furniture/products/coffee-table-wooden-shelf-storage-drawer-living-furniture-thick-tabletop
